geo_pict,country,year,sea_level_anomaly_m,rainfall_anomaly_mm,temp_anomaly_c,population_growth_pct,tourist_arrivals,persons_affected,economic_loss_usd
FJ,Fiji,1979,,4.7,,,,,
FJ,Fiji,1980,,11.9,,,,,
FJ,Fiji,1981,,4.7,,,,,
FJ,Fiji,1982,,7.7,,,,,
FJ,Fiji,1983,,-11.1,,,,,
FJ,Fiji,1984,,3.6,,,,,
FJ,Fiji,1985,,12.7,,,,,
FJ,Fiji,1986,,8.6,,,,,
FJ,Fiji,1987,,-21.8,,,,,
FJ,Fiji,1988,,6.5,,,,,
FJ,Fiji,1989,,6.2,,,,,
FJ,Fiji,1990,,0.2,0.1,0.91,,,
FJ,Fiji,1991,,-9.4,-0.1,0.82,,,
FJ,Fiji,1992,,-15.3,-0.2,0.73,,,
FJ,Fiji,1993,0.0,-4.6,-0.5,0.64,,,
FJ,Fiji,1994,0.0,-9.7,-0.4,0.56,,,
FJ,Fiji,1995,0.0,-10.9,0.2,0.5,476000.0,,
FJ,Fiji,1996,0.0,10.3,0.3,0.63,534000.0,,
FJ,Fiji,1997,0.0,8.9,-0.2,1.04,547000.0,,
FJ,Fiji,1998,0.0,-24.2,0.0,1.25,499000.0,,
FJ,Fiji,1999,0.0,19.6,0.4,1.16,544000.0,,
FJ,Fiji,2000,0.1,21.7,0.5,1.09,434000.0,,
FJ,Fiji,2001,0.0,-1.8,0.4,1.03,446000.0,,
FJ,Fiji,2002,0.0,-0.1,0.3,1.0,461000.0,,
FJ,Fiji,2003,0.0,-17.8,0.2,0.96,451000.0,,
FJ,Fiji,2004,0.0,-10.0,0.2,0.93,513000.0,,
FJ,Fiji,2005,0.0,-5.1,0.3,0.92,547000.0,0.0,
FJ,Fiji,2006,0.0,-10.9,0.2,0.9,,60.0,
FJ,Fiji,2007,0.0,10.9,0.4,0.84,542000.0,12.0,
FJ,Fiji,2008,0.1,5.4,0.6,0.62,627000.0,804.0,
FJ,Fiji,2009,0.1,14.4,0.1,0.42,605000.0,12692.0,
FJ,Fiji,2010,0.0,0.2,0.4,0.35,692000.0,6644.0,24623058.0
FJ,Fiji,2011,0.1,10.5,0.6,0.28,734000.0,344.0,1224504.0
FJ,Fiji,2012,0.1,23.9,0.4,0.21,741000.0,37085.0,141400784.0
FJ,Fiji,2013,0.1,8.1,0.6,0.16,769000.0,0.0,
FJ,Fiji,2014,0.0,-14.4,0.4,0.13,781000.0,0.0,
FJ,Fiji,2015,0.0,-21.0,-0.2,0.11,869000.0,0.0,
FJ,Fiji,2016,0.0,-0.7,0.4,0.06,963000.0,633584.0,374109863.0
FJ,Fiji,2017,0.1,-2.1,0.5,-0.04,1027000.0,0.0,
FJ,Fiji,2018,0.1,1.8,0.5,-0.17,1058000.0,155726.0,50247780.0
FJ,Fiji,2019,0.1,19.9,0.4,-0.25,969000.0,78045.0,1090125.0
FJ,Fiji,2020,0.1,2.1,0.6,0.01,168200.0,235921.0,24247724.0
FJ,Fiji,2021,0.1,8.1,0.7,0.19,32000.0,78030.0,
FJ,Fiji,2022,0.2,12.7,1.1,0.3,652200.0,1787.0,
FJ,Fiji,2023,0.1,-3.3,0.6,0.51,929740.0,,
FJ,Fiji,2024,,16.6,0.6,0.26,928938.0,,
FJ,Fiji,2025,,1.3,0.7,0.48,,,
KI,Kiribati,1979,,2.6,,,,,
KI,Kiribati,1980,,1.5,,,,,
KI,Kiribati,1981,,-2.8,,,,,
KI,Kiribati,1982,,19.2,,,,,
KI,Kiribati,1983,,11.1,,,,,
KI,Kiribati,1984,,-19.9,,,,,
KI,Kiribati,1985,,-12.6,,,,,
KI,Kiribati,1986,,-0.4,,,,,
KI,Kiribati,1987,,41.9,,,,,
KI,Kiribati,1988,,-14.0,,,,,
KI,Kiribati,1989,,-19.7,,,,,
KI,Kiribati,1990,,10.4,0.5,2.33,,,
KI,Kiribati,1991,,15.3,0.7,2.02,,,
KI,Kiribati,1992,,37.3,0.5,1.67,,,
KI,Kiribati,1993,0.0,19.9,0.4,1.54,,,
KI,Kiribati,1994,0.0,1.5,0.6,1.49,,,
KI,Kiribati,1995,0.0,-18.4,0.4,1.52,,,
KI,Kiribati,1996,0.0,-25.2,-0.1,1.71,,,
KI,Kiribati,1997,0.0,40.4,0.6,1.84,,,
KI,Kiribati,1998,-0.1,-16.9,-0.3,1.8,,,
KI,Kiribati,1999,0.0,-29.7,-0.9,1.71,20300.0,,
KI,Kiribati,2000,0.0,-26.1,-0.7,1.7,13400.0,,
KI,Kiribati,2001,0.0,-12.9,0.0,1.93,14500.0,,
KI,Kiribati,2002,0.1,25.4,0.7,2.14,119500.0,,
KI,Kiribati,2003,0.1,5.0,0.6,2.07,130100.0,,
KI,Kiribati,2004,0.1,-1.5,0.7,2.03,63900.0,,
KI,Kiribati,2005,0.1,-2.6,0.5,2.03,50200.0,,
KI,Kiribati,2006,0.0,-0.3,0.4,2.03,10800.0,,
KI,Kiribati,2007,0.0,-6.8,0.1,2.04,32300.0,,
KI,Kiribati,2008,0.0,-22.2,-0.8,2.11,,85.0,
KI,Kiribati,2009,0.0,2.9,0.4,2.15,,,
KI,Kiribati,2010,0.0,18.5,-0.2,2.09,,,
KI,Kiribati,2011,0.0,-20.2,-0.6,1.79,,,
KI,Kiribati,2012,0.0,-8.7,0.0,1.48,,,
KI,Kiribati,2013,0.0,-15.0,0.1,1.38,,,
KI,Kiribati,2014,0.1,4.9,0.7,1.3,8300.0,44.0,268950.0
KI,Kiribati,2015,0.1,50.3,1.2,1.29,8200.0,2507.0,
KI,Kiribati,2016,0.1,13.0,0.7,1.42,7600.0,0.0,
KI,Kiribati,2017,0.1,-24.0,0.3,1.51,7500.0,,
KI,Kiribati,2018,0.1,-20.1,0.6,1.51,9000.0,0.0,
KI,Kiribati,2019,0.1,27.3,0.9,1.51,12000.0,3.0,
KI,Kiribati,2020,0.1,-10.9,0.3,1.75,,15.0,30750.0
KI,Kiribati,2021,0.1,-20.9,-0.2,1.81,,333.0,
KI,Kiribati,2022,0.1,-28.0,-0.6,1.63,,,
KI,Kiribati,2023,0.1,16.7,0.7,1.58,,,
KI,Kiribati,2024,,-4.6,0.9,0.73,,,
KI,Kiribati,2025,,-22.3,0.0,1.48,,,
WS,Samoa,1979,,-19.5,,,,,
WS,Samoa,1980,,-8.4,,,,,
WS,Samoa,1981,,0.2,,,,,
WS,Samoa,1982,,-9.8,,,,,
WS,Samoa,1983,,-19.6,,,,,
WS,Samoa,1984,,0.9,,,,,
WS,Samoa,1985,,-7.5,,,,,
WS,Samoa,1986,,-5.5,,,,,
WS,Samoa,1987,,-8.2,,,,,
WS,Samoa,1988,,10.4,,,,,
WS,Samoa,1989,,-17.3,,,,,
WS,Samoa,1990,,2.8,0.1,0.16,,,
WS,Samoa,1991,,-8.0,0.4,0.19,,,
WS,Samoa,1992,,-4.8,0.2,0.57,,,
WS,Samoa,1993,0.0,3.3,0.1,0.85,,,
WS,Samoa,1994,0.0,3.9,0.3,0.81,,,
WS,Samoa,1995,0.0,3.0,0.3,0.82,,,
WS,Samoa,1996,0.1,-6.7,0.1,0.85,,,
WS,Samoa,1997,0.0,1.1,-0.1,0.84,,,
WS,Samoa,1998,-0.2,-21.2,-0.2,0.76,,,
WS,Samoa,1999,0.0,0.0,0.0,0.77,,,
WS,Samoa,2000,0.0,-2.8,0.2,0.78,,,
WS,Samoa,2001,0.0,1.2,0.2,0.82,,,
WS,Samoa,2002,0.0,-2.4,0.4,0.71,,,
WS,Samoa,2003,0.0,-5.6,0.5,0.53,,,
WS,Samoa,2004,0.1,-7.0,0.5,0.44,,,
WS,Samoa,2005,0.0,-5.1,0.6,0.39,,0.0,
WS,Samoa,2006,0.1,14.9,0.5,0.39,116000.0,0.0,
WS,Samoa,2007,0.1,6.3,0.5,0.55,122000.0,,
WS,Samoa,2008,0.1,-11.1,0.0,0.72,122000.0,0.0,
WS,Samoa,2009,0.0,-9.4,0.4,0.74,129000.0,6332.0,
WS,Samoa,2010,0.0,-1.9,0.4,0.79,130000.0,,
WS,Samoa,2011,0.1,-11.1,0.0,0.87,128000.0,,
WS,Samoa,2012,0.1,-6.9,0.4,0.92,135000.0,0.0,
WS,Samoa,2013,0.0,7.6,0.5,0.9,125000.0,0.0,
WS,Samoa,2014,0.0,0.0,0.6,0.89,132000.0,0.0,
WS,Samoa,2015,0.1,0.7,0.5,0.87,139000.0,0.0,
WS,Samoa,2016,0.0,0.3,0.6,0.85,146000.0,0.0,22048411.0
WS,Samoa,2017,0.1,12.6,0.6,0.94,158000.0,,
WS,Samoa,2018,0.1,1.3,0.6,1.06,172000.0,383.0,
WS,Samoa,2019,0.1,20.4,0.7,1.06,181000.0,5700.0,
WS,Samoa,2020,0.1,27.3,0.6,1.03,23900.0,195.0,
WS,Samoa,2021,0.2,-18.1,0.3,0.86,2600.0,15.0,
WS,Samoa,2022,0.1,-20.7,0.2,0.7,50600.0,16607.0,
WS,Samoa,2023,0.1,-3.2,0.6,0.65,,138.0,
WS,Samoa,2024,,-1.8,0.8,0.3,,,
WS,Samoa,2025,,13.9,0.5,0.62,,,
TV,Tuvalu,1979,,-6.4,,,,,
TV,Tuvalu,1980,,-1.6,,,,,
TV,Tuvalu,1981,,-7.6,,,,,
TV,Tuvalu,1982,,4.3,,,,,
TV,Tuvalu,1983,,14.1,,,,,
TV,Tuvalu,1984,,-4.9,,,,,
TV,Tuvalu,1985,,-5.8,,,,,
TV,Tuvalu,1986,,-0.5,,,,,
TV,Tuvalu,1987,,37.3,,,,,
TV,Tuvalu,1988,,2.7,,,,,
TV,Tuvalu,1989,,-15.3,,,,,
TV,Tuvalu,1990,,-2.3,0.3,1.6,,,
TV,Tuvalu,1991,,-1.6,0.4,1.48,,,
TV,Tuvalu,1992,,10.7,0.2,1.16,,,
TV,Tuvalu,1993,0.0,24.6,0.1,0.98,,,
TV,Tuvalu,1994,0.0,10.2,0.3,0.93,,,
TV,Tuvalu,1995,0.0,8.5,0.4,0.77,,,
TV,Tuvalu,1996,0.0,-13.2,0.1,0.64,,,
TV,Tuvalu,1997,0.0,21.7,0.1,0.66,,,
TV,Tuvalu,1998,-0.2,25.5,-0.1,0.5,,,
TV,Tuvalu,1999,0.0,-35.6,-0.2,0.48,,,
TV,Tuvalu,2000,0.0,-34.5,-0.1,0.51,,,
TV,Tuvalu,2001,0.0,-12.8,0.2,0.38,,,
TV,Tuvalu,2002,0.1,6.8,0.5,0.44,,,
TV,Tuvalu,2003,0.0,7.3,0.6,0.75,,,
TV,Tuvalu,2004,0.1,2.3,0.6,1.32,,,
TV,Tuvalu,2005,0.1,-1.7,0.5,1.2,,,
TV,Tuvalu,2006,0.1,-2.7,0.5,1.17,,,
TV,Tuvalu,2007,0.1,3.7,0.4,1.23,,,
TV,Tuvalu,2008,0.1,-29.7,-0.1,1.35,,,
TV,Tuvalu,2009,0.0,-4.3,0.4,1.41,,,
TV,Tuvalu,2010,0.0,-8.0,0.2,1.41,,,
TV,Tuvalu,2011,0.1,-41.5,-0.2,1.59,,0.0,
TV,Tuvalu,2012,0.0,-8.0,0.3,1.38,,,
TV,Tuvalu,2013,0.1,8.5,0.4,0.61,,,
TV,Tuvalu,2014,0.1,-3.7,0.6,-0.13,,,
TV,Tuvalu,2015,0.1,29.4,0.6,-0.23,,0.0,
TV,Tuvalu,2016,0.0,5.9,0.7,-0.26,,1003.0,
TV,Tuvalu,2017,0.1,-1.6,0.5,-0.55,,0.0,
TV,Tuvalu,2018,0.1,-9.0,0.6,-1.1,,0.0,
TV,Tuvalu,2019,0.1,37.7,0.8,-1.55,,0.0,
TV,Tuvalu,2020,0.1,5.2,0.6,-1.69,,2266.0,
TV,Tuvalu,2021,0.1,-15.2,0.2,-1.95,,6.0,
TV,Tuvalu,2022,0.1,-35.8,0.0,-1.95,,7748.0,
TV,Tuvalu,2023,0.1,-12.0,0.7,-1.8,,,
TV,Tuvalu,2024,,4.5,0.9,-1.36,,,
TV,Tuvalu,2025,,-15.6,0.5,-1.68,,,
VU,Vanuatu,1979,,2.5,,,,,
VU,Vanuatu,1980,,-3.3,,,,,
VU,Vanuatu,1981,,-2.8,,,,,
VU,Vanuatu,1982,,-0.6,,,,,
VU,Vanuatu,1983,,-21.6,,,,,
VU,Vanuatu,1984,,8.3,,,,,
VU,Vanuatu,1985,,12.2,,,,,
VU,Vanuatu,1986,,-0.9,,,,,
VU,Vanuatu,1987,,-15.2,,,,,
VU,Vanuatu,1988,,29.9,,,,,
VU,Vanuatu,1989,,9.2,,,,,
VU,Vanuatu,1990,,-9.3,0.2,2.54,,,
VU,Vanuatu,1991,,-9.9,-0.3,2.52,,,
VU,Vanuatu,1992,,-11.6,-0.4,2.51,,,
VU,Vanuatu,1993,0.0,-24.3,-0.7,2.48,,,
VU,Vanuatu,1994,0.0,-11.7,-0.5,2.42,,,
VU,Vanuatu,1995,0.0,-18.3,0.1,2.34,82000.0,,
VU,Vanuatu,1996,0.0,4.5,0.2,2.26,103000.0,,
VU,Vanuatu,1997,0.0,-16.9,-0.2,2.17,81000.0,,
VU,Vanuatu,1998,0.0,0.9,0.5,2.11,78000.0,,
VU,Vanuatu,1999,0.0,22.6,0.4,2.09,96000.0,,
VU,Vanuatu,2000,0.0,23.6,0.3,2.33,106000.0,,
VU,Vanuatu,2001,0.1,1.8,0.4,2.54,106000.0,,
VU,Vanuatu,2002,0.0,8.6,0.2,2.53,99000.0,,
VU,Vanuatu,2003,0.0,-7.6,0.2,2.49,102000.0,,
VU,Vanuatu,2004,0.0,-13.6,0.0,2.47,99000.0,,
VU,Vanuatu,2005,0.0,-3.5,0.3,2.45,126000.0,0.0,
VU,Vanuatu,2006,0.0,-7.3,0.1,2.45,154000.0,0.0,
VU,Vanuatu,2007,0.0,7.2,0.4,2.48,167000.0,4.0,
VU,Vanuatu,2008,0.1,7.4,0.5,2.54,196600.0,60.0,
VU,Vanuatu,2009,0.1,5.9,0.1,2.57,225500.0,422.0,
VU,Vanuatu,2010,0.0,1.1,0.4,2.37,237700.0,500.0,3071588.0
VU,Vanuatu,2011,0.1,17.7,0.5,2.19,248900.0,248.0,1470068.0
VU,Vanuatu,2012,0.1,17.7,0.2,2.23,321000.0,28.0,281580.0
VU,Vanuatu,2013,0.0,9.0,0.4,2.24,357000.0,0.0,
VU,Vanuatu,2014,0.0,0.4,0.2,2.26,329000.0,152.0,245100.0
VU,Vanuatu,2015,0.0,-3.4,-0.1,2.25,287000.0,0.0,
VU,Vanuatu,2016,0.0,-13.3,0.6,2.25,351600.0,,81.7
VU,Vanuatu,2017,0.1,1.7,0.5,2.36,332700.0,920.0,
VU,Vanuatu,2018,0.1,-0.3,0.4,2.43,350200.0,23286.0,64500000.0
VU,Vanuatu,2019,0.1,-2.4,0.2,2.35,256000.0,18.0,
VU,Vanuatu,2020,0.1,14.1,0.5,2.35,82400.0,246802.0,
VU,Vanuatu,2021,0.1,11.9,0.6,2.35,,1400.0,
VU,Vanuatu,2022,0.2,33.7,1.2,2.35,65000.0,,
VU,Vanuatu,2023,0.2,8.7,0.5,2.35,,,
VU,Vanuatu,2024,,8.0,0.7,1.14,,,
VU,Vanuatu,2025,,-0.3,0.9,2.28,,,
